seq_id	cand1	cand2	cand3
tr|A0A6A4STS7|A0A6A4STS7_SCOMX	U_tr|A0A6A4STS7|A0A6A4STS7_SCOMX	S_tr|A0A6A4STS7|A0A6A4STS7_SCOMX	S_A0A6A4STS7
tr|A0A834BR83|A0A834BR83_ORYME	U_tr|A0A834BR83|A0A834BR83_ORYME	S_tr|A0A834BR83|A0A834BR83_ORYME	S_A0A834BR83
tr|A0A8C8XNP7|A0A8C8XNP7_PANLE	U_tr|A0A8C8XNP7|A0A8C8XNP7_PANLE	S_tr|A0A8C8XNP7|A0A8C8XNP7_PANLE	S_A0A8C8XNP7
tr|A0A9N8V4Z2|A0A9N8V4Z2_9GLOM	U_tr|A0A9N8V4Z2|A0A9N8V4Z2_9GLOM	S_tr|A0A9N8V4Z2|A0A9N8V4Z2_9GLOM	S_A0A9N8V4Z2
tr|A0AAD6AS60|A0AAD6AS60_9TELE	U_tr|A0AAD6AS60|A0AAD6AS60_9TELE	S_tr|A0AAD6AS60|A0AAD6AS60_9TELE	S_A0AAD6AS60
tr|A0AAD9EVU2|A0AAD9EVU2_DISEL	U_tr|A0AAD9EVU2|A0AAD9EVU2_DISEL	S_tr|A0AAD9EVU2|A0AAD9EVU2_DISEL	S_A0AAD9EVU2
sp|A7MAQ2|DIOA3_DIOJA	U_sp|A7MAQ2|DIOA3_DIOJA	S_sp|A7MAQ2|DIOA3_DIOJA	S_A7MAQ2
tr|A9XP97|A9XP97_DANRE	U_tr|A9XP97|A9XP97_DANRE	S_tr|A9XP97|A9XP97_DANRE	S_A9XP97
sp|B9EKR1|PTPRZ_MOUSE	U_sp|B9EKR1|PTPRZ_MOUSE	S_sp|B9EKR1|PTPRZ_MOUSE	S_B9EKR1
sp|G0WXL9|CS2H_ACIS1	U_sp|G0WXL9|CS2H_ACIS1	S_sp|G0WXL9|CS2H_ACIS1	S_G0WXL9
sp|O04846|ATCA1_ARATH	U_sp|O04846|ATCA1_ARATH	S_sp|O04846|ATCA1_ARATH	S_O04846
sp|O43570|CAH12_HUMAN	U_sp|O43570|CAH12_HUMAN	S_sp|O43570|CAH12_HUMAN	S_O43570
sp|O85040|RBL1_HALNC	U_sp|O85040|RBL1_HALNC	S_sp|O85040|RBL1_HALNC	S_O85040
sp|O85041|CSOS2_HALNC	U_sp|O85041|CSOS2_HALNC	S_sp|O85041|CSOS2_HALNC	S_O85041
sp|O85042|CSOCA_HALNC	U_sp|O85042|CSOCA_HALNC	S_sp|O85042|CSOCA_HALNC	S_O85042
sp|O88343|S4A4_MOUSE	U_sp|O88343|S4A4_MOUSE	S_sp|O88343|S4A4_MOUSE	S_O88343
sp|P00879|RBL_NOSS1	U_sp|P00879|RBL_NOSS1	S_sp|P00879|RBL_NOSS1	S_P00879
sp|P00915|CAH1_HUMAN	U_sp|P00915|CAH1_HUMAN	S_sp|P00915|CAH1_HUMAN	S_P00915
sp|P00917|CAH1_HORSE	U_sp|P00917|CAH1_HORSE	S_sp|P00917|CAH1_HORSE	S_P00917
sp|P00918|CAH2_HUMAN	U_sp|P00918|CAH2_HUMAN	S_sp|P00918|CAH2_HUMAN	S_P00918
sp|P00919|CAH2_RABIT	U_sp|P00919|CAH2_RABIT	S_sp|P00919|CAH2_RABIT	S_P00919
sp|P00920|CAH2_MOUSE	U_sp|P00920|CAH2_MOUSE	S_sp|P00920|CAH2_MOUSE	S_P00920
sp|P00921|CAH2_BOVIN	U_sp|P00921|CAH2_BOVIN	S_sp|P00921|CAH2_BOVIN	S_P00921
sp|P00922|CAH2_SHEEP	U_sp|P00922|CAH2_SHEEP	S_sp|P00922|CAH2_SHEEP	S_P00922
sp|P07451|CAH3_HUMAN	U_sp|P07451|CAH3_HUMAN	S_sp|P07451|CAH3_HUMAN	S_P07451
sp|P07630|CAH2_CHICK	U_sp|P07630|CAH2_CHICK	S_sp|P07630|CAH2_CHICK	S_P07630
sp|P12960|CNTN1_MOUSE	U_sp|P12960|CNTN1_MOUSE	S_sp|P12960|CNTN1_MOUSE	S_P12960
sp|P14141|CAH3_RAT	U_sp|P14141|CAH3_RAT	S_sp|P14141|CAH3_RAT	S_P14141
sp|P16015|CAH3_MOUSE	U_sp|P16015|CAH3_MOUSE	S_sp|P16015|CAH3_MOUSE	S_P16015
sp|P17067|CAHC_PEA	U_sp|P17067|CAHC_PEA	S_sp|P17067|CAHC_PEA	S_P17067
sp|P18761|CAH6_MOUSE	U_sp|P18761|CAH6_MOUSE	S_sp|P18761|CAH6_MOUSE	S_P18761
sp|P20507|CAH1_CHLRE	U_sp|P20507|CAH1_CHLRE	S_sp|P20507|CAH1_CHLRE	S_P20507
sp|P22748|CAH4_HUMAN	U_sp|P22748|CAH4_HUMAN	S_sp|P22748|CAH4_HUMAN	S_P22748
sp|P23280|CAH6_HUMAN	U_sp|P23280|CAH6_HUMAN	S_sp|P23280|CAH6_HUMAN	S_P23280
sp|P23470|PTPRG_HUMAN	U_sp|P23470|PTPRG_HUMAN	S_sp|P23470|PTPRG_HUMAN	S_P23470
sp|P23471|PTPRZ_HUMAN	U_sp|P23471|PTPRZ_HUMAN	S_sp|P23471|PTPRZ_HUMAN	S_P23471
sp|P23589|CAH5A_MOUSE	U_sp|P23589|CAH5A_MOUSE	S_sp|P23589|CAH5A_MOUSE	S_P23589
sp|P27134|CYNT_SYNE7	U_sp|P27134|CYNT_SYNE7	S_sp|P27134|CYNT_SYNE7	S_P27134
sp|P27139|CAH2_RAT	U_sp|P27139|CAH2_RAT	S_sp|P27139|CAH2_RAT	S_P27139
sp|P27140|BCA1_ARATH	U_sp|P27140|BCA1_ARATH	S_sp|P27140|BCA1_ARATH	S_P27140
sp|P28651|CAH8_MOUSE	U_sp|P28651|CAH8_MOUSE	S_sp|P28651|CAH8_MOUSE	S_P28651
sp|P35218|CAH5A_HUMAN	U_sp|P35218|CAH5A_HUMAN	S_sp|P35218|CAH5A_HUMAN	S_P35218
sp|P35219|CAH8_HUMAN	U_sp|P35219|CAH8_HUMAN	S_sp|P35219|CAH8_HUMAN	S_P35219
sp|P40881|CAH_METTT	U_sp|P40881|CAH_METTT	S_sp|P40881|CAH_METTT	S_P40881
sp|P42737|BCA2_ARATH	U_sp|P42737|BCA2_ARATH	S_sp|P42737|BCA2_ARATH	S_P42737
sp|P43166|CAH7_HUMAN	U_sp|P43166|CAH7_HUMAN	S_sp|P43166|CAH7_HUMAN	S_P43166
sp|P43241|CDX2_MOUSE	U_sp|P43241|CDX2_MOUSE	S_sp|P43241|CDX2_MOUSE	S_P43241
sp|P45689|CSOSA_HALNC	U_sp|P45689|CSOSA_HALNC	S_sp|P45689|CSOSA_HALNC	S_P45689
sp|P48284|CAH4_RAT	U_sp|P48284|CAH4_RAT	S_sp|P48284|CAH4_RAT	S_P48284
sp|P53615|CAN_YEAST	U_sp|P53615|CAN_YEAST	S_sp|P53615|CAN_YEAST	S_P53615
sp|P56524|HDAC4_HUMAN	U_sp|P56524|HDAC4_HUMAN	S_sp|P56524|HDAC4_HUMAN	S_P56524
sp|P72758|CCMM_SYNY3	U_sp|P72758|CCMM_SYNY3	S_sp|P72758|CCMM_SYNY3	S_P72758
sp|P9WPJ7|MTCA1_MYCTU	U_sp|P9WPJ7|MTCA1_MYCTU	S_sp|P9WPJ7|MTCA1_MYCTU	S_P9WPJ7
sp|P9WPJ9|MTCA2_MYCTU	U_sp|P9WPJ9|MTCA2_MYCTU	S_sp|P9WPJ9|MTCA2_MYCTU	S_P9WPJ9
sp|Q03513|CCMM_SYNE7	U_sp|Q03513|CCMM_SYNE7	S_sp|Q03513|CCMM_SYNE7	S_Q03513
sp|Q05909|PTPRG_MOUSE	U_sp|Q05909|PTPRG_MOUSE	S_sp|Q05909|PTPRG_MOUSE	S_Q05909
sp|Q12860|CNTN1_HUMAN	U_sp|Q12860|CNTN1_HUMAN	S_sp|Q12860|CNTN1_HUMAN	S_Q12860
sp|Q16790|CAH9_HUMAN	U_sp|Q16790|CAH9_HUMAN	S_sp|Q16790|CAH9_HUMAN	S_Q16790
sp|Q27908|MANA_PINFU	U_sp|Q27908|MANA_PINFU	S_sp|Q27908|MANA_PINFU	S_Q27908
sp|Q31NB3|RBL_SYNE7	U_sp|Q31NB3|RBL_SYNE7	S_sp|Q31NB3|RBL_SYNE7	S_Q31NB3
sp|Q4U116|S4A4_PIG	U_sp|Q4U116|S4A4_PIG	S_sp|Q4U116|S4A4_PIG	S_Q4U116
sp|Q54735|CYNT_SYNY3	U_sp|Q54735|CYNT_SYNY3	S_sp|Q54735|CYNT_SYNY3	S_Q54735
sp|Q5AJ71|CAN_CANAL	U_sp|Q5AJ71|CAN_CANAL	S_sp|Q5AJ71|CAN_CANAL	S_Q5AJ71
sp|Q62656|PTPRZ_RAT	U_sp|Q62656|PTPRZ_RAT	S_sp|Q62656|PTPRZ_RAT	S_Q62656
sp|Q63198|CNTN1_RAT	U_sp|Q63198|CNTN1_RAT	S_sp|Q63198|CNTN1_RAT	S_Q63198
sp|Q64444|CAH4_MOUSE	U_sp|Q64444|CAH4_MOUSE	S_sp|Q64444|CAH4_MOUSE	S_Q64444
sp|Q6FXU7|PDR1_CANGA	U_sp|Q6FXU7|PDR1_CANGA	S_sp|Q6FXU7|PDR1_CANGA	S_Q6FXU7
sp|Q75N34|DB3S_DIOPO	U_sp|Q75N34|DB3S_DIOPO	S_sp|Q75N34|DB3S_DIOPO	S_Q75N34
sp|Q75N35|DB3L_DIOPO	U_sp|Q75N35|DB3L_DIOPO	S_sp|Q75N35|DB3L_DIOPO	S_Q75N35
sp|Q7L1S5|CHST9_HUMAN	U_sp|Q7L1S5|CHST9_HUMAN	S_sp|Q7L1S5|CHST9_HUMAN	S_Q7L1S5
tr|Q804B2|Q804B2_DANRE	U_tr|Q804B2|Q804B2_DANRE	S_tr|Q804B2|Q804B2_DANRE	S_Q804B2
sp|Q84UV8|NEC3_NICLS	U_sp|Q84UV8|NEC3_NICLS	S_sp|Q84UV8|NEC3_NICLS	S_Q84UV8
sp|Q8BTY2|S4A7_MOUSE	U_sp|Q8BTY2|S4A7_MOUSE	S_sp|Q8BTY2|S4A7_MOUSE	S_Q8BTY2
sp|Q8CIW6|S26A6_MOUSE	U_sp|Q8CIW6|S26A6_MOUSE	S_sp|Q8CIW6|S26A6_MOUSE	S_Q8CIW6
sp|Q8DKB5|CCMM_THEVB	U_sp|Q8DKB5|CCMM_THEVB	S_sp|Q8DKB5|CCMM_THEVB	S_Q8DKB5
sp|Q8N1Q1|CAH13_HUMAN	U_sp|Q8N1Q1|CAH13_HUMAN	S_sp|Q8N1Q1|CAH13_HUMAN	S_Q8N1Q1
sp|Q8VHB5|CAH9_MOUSE	U_sp|Q8VHB5|CAH9_MOUSE	S_sp|Q8VHB5|CAH9_MOUSE	S_Q8VHB5
sp|Q8YYI3|CCMM_NOSS1	U_sp|Q8YYI3|CCMM_NOSS1	S_sp|Q8YYI3|CCMM_NOSS1	S_Q8YYI3
sp|Q94CE4|BCA4_ARATH	U_sp|Q94CE4|BCA4_ARATH	S_sp|Q94CE4|BCA4_ARATH	S_Q94CE4
sp|Q9BXS9|S26A6_HUMAN	U_sp|Q9BXS9|S26A6_HUMAN	S_sp|Q9BXS9|S26A6_HUMAN	S_Q9BXS9
sp|Q9C6B3|GCA2_ARATH	U_sp|Q9C6B3|GCA2_ARATH	S_sp|Q9C6B3|GCA2_ARATH	S_Q9C6B3
sp|Q9D6N1|CAH13_MOUSE	U_sp|Q9D6N1|CAH13_MOUSE	S_sp|Q9D6N1|CAH13_MOUSE	S_Q9D6N1
sp|Q9DBD0|ICA_MOUSE	U_sp|Q9DBD0|ICA_MOUSE	S_sp|Q9DBD0|ICA_MOUSE	S_Q9DBD0
sp|Q9GL77|S4A4_BOVIN	U_sp|Q9GL77|S4A4_BOVIN	S_sp|Q9GL77|S4A4_BOVIN	S_Q9GL77
sp|Q9H2A9|CHST8_HUMAN	U_sp|Q9H2A9|CHST8_HUMAN	S_sp|Q9H2A9|CHST8_HUMAN	S_Q9H2A9
sp|Q9JI66|S4A4_RAT	U_sp|Q9JI66|S4A4_RAT	S_sp|Q9JI66|S4A4_RAT	S_Q9JI66
sp|Q9R1N3|S4A7_RAT	U_sp|Q9R1N3|S4A7_RAT	S_sp|Q9R1N3|S4A7_RAT	S_Q9R1N3
sp|Q9SMN1|GCAL2_ARATH	U_sp|Q9SMN1|GCAL2_ARATH	S_sp|Q9SMN1|GCAL2_ARATH	S_Q9SMN1
sp|Q9ULX7|CAH14_HUMAN	U_sp|Q9ULX7|CAH14_HUMAN	S_sp|Q9ULX7|CAH14_HUMAN	S_Q9ULX7
sp|Q9WVT6|CAH14_MOUSE	U_sp|Q9WVT6|CAH14_MOUSE	S_sp|Q9WVT6|CAH14_MOUSE	S_Q9WVT6
sp|Q9XSZ4|S4A4_RABIT	U_sp|Q9XSZ4|S4A4_RABIT	S_sp|Q9XSZ4|S4A4_RABIT	S_Q9XSZ4
sp|Q9Y2D0|CAH5B_HUMAN	U_sp|Q9Y2D0|CAH5B_HUMAN	S_sp|Q9Y2D0|CAH5B_HUMAN	S_Q9Y2D0
sp|Q9Y6M7|S4A7_HUMAN	U_sp|Q9Y6M7|S4A7_HUMAN	S_sp|Q9Y6M7|S4A7_HUMAN	S_Q9Y6M7
sp|Q9Y6R1|S4A4_HUMAN	U_sp|Q9Y6R1|S4A4_HUMAN	S_sp|Q9Y6R1|S4A4_HUMAN	S_Q9Y6R1
sp|Q9Y6X9|MORC2_HUMAN	U_sp|Q9Y6X9|MORC2_HUMAN	S_sp|Q9Y6X9|MORC2_HUMAN	S_Q9Y6X9
tr|A0A0D9RDZ2|A0A0D9RDZ2_CHLSB	U_tr|A0A0D9RDZ2|A0A0D9RDZ2_CHLSB	S_tr|A0A0D9RDZ2|A0A0D9RDZ2_CHLSB	S_A0A0D9RDZ2
tr|A0A135LPI1|A0A135LPI1_PENPA	U_tr|A0A135LPI1|A0A135LPI1_PENPA	S_tr|A0A135LPI1|A0A135LPI1_PENPA	S_A0A135LPI1
tr|A0A1S3EUC1|A0A1S3EUC1_DIPOR	U_tr|A0A1S3EUC1|A0A1S3EUC1_DIPOR	S_tr|A0A1S3EUC1|A0A1S3EUC1_DIPOR	S_A0A1S3EUC1
tr|A0A229Z5D9|A0A229Z5D9_9EURO	U_tr|A0A229Z5D9|A0A229Z5D9_9EURO	S_tr|A0A229Z5D9|A0A229Z5D9_9EURO	S_A0A229Z5D9
tr|A0A257JKS5|A0A257JKS5_9PROT	U_tr|A0A257JKS5|A0A257JKS5_9PROT	S_tr|A0A257JKS5|A0A257JKS5_9PROT	S_A0A257JKS5
tr|A0A2G7FPR3|A0A2G7FPR3_9EURO	U_tr|A0A2G7FPR3|A0A2G7FPR3_9EURO	S_tr|A0A2G7FPR3|A0A2G7FPR3_9EURO	S_A0A2G7FPR3
tr|A0A2R9A4D6|A0A2R9A4D6_PANPA	U_tr|A0A2R9A4D6|A0A2R9A4D6_PANPA	S_tr|A0A2R9A4D6|A0A2R9A4D6_PANPA	S_A0A2R9A4D6
tr|A0A2R9CDB5|A0A2R9CDB5_PANPA	U_tr|A0A2R9CDB5|A0A2R9CDB5_PANPA	S_tr|A0A2R9CDB5|A0A2R9CDB5_PANPA	S_A0A2R9CDB5
tr|A0A397HFE0|A0A397HFE0_ASPTH	U_tr|A0A397HFE0|A0A397HFE0_ASPTH	S_tr|A0A397HFE0|A0A397HFE0_ASPTH	S_A0A397HFE0
tr|A0A3Q2I8M1|A0A3Q2I8M1_HORSE	U_tr|A0A3Q2I8M1|A0A3Q2I8M1_HORSE	S_tr|A0A3Q2I8M1|A0A3Q2I8M1_HORSE	S_A0A3Q2I8M1
tr|A0A452EZJ5|A0A452EZJ5_CAPHI	U_tr|A0A452EZJ5|A0A452EZJ5_CAPHI	S_tr|A0A452EZJ5|A0A452EZJ5_CAPHI	S_A0A452EZJ5
tr|A0A452G7Y5|A0A452G7Y5_CAPHI	U_tr|A0A452G7Y5|A0A452G7Y5_CAPHI	S_tr|A0A452G7Y5|A0A452G7Y5_CAPHI	S_A0A452G7Y5
tr|A0A663EEN0|A0A663EEN0_AQUCH	U_tr|A0A663EEN0|A0A663EEN0_AQUCH	S_tr|A0A663EEN0|A0A663EEN0_AQUCH	S_A0A663EEN0
tr|A0A672U871|A0A672U871_STRHB	U_tr|A0A672U871|A0A672U871_STRHB	S_tr|A0A672U871|A0A672U871_STRHB	S_A0A672U871
tr|A0A6I8NGZ9|A0A6I8NGZ9_ORNAN	U_tr|A0A6I8NGZ9|A0A6I8NGZ9_ORNAN	S_tr|A0A6I8NGZ9|A0A6I8NGZ9_ORNAN	S_A0A6I8NGZ9
tr|A0A8C5YYS3|A0A8C5YYS3_MARMA	U_tr|A0A8C5YYS3|A0A8C5YYS3_MARMA	S_tr|A0A8C5YYS3|A0A8C5YYS3_MARMA	S_A0A8C5YYS3
tr|A0A8C9J6R5|A0A8C9J6R5_PANTA	U_tr|A0A8C9J6R5|A0A8C9J6R5_PANTA	S_tr|A0A8C9J6R5|A0A8C9J6R5_PANTA	S_A0A8C9J6R5
tr|A0A8D2HKU9|A0A8D2HKU9_UROPR	U_tr|A0A8D2HKU9|A0A8D2HKU9_UROPR	S_tr|A0A8D2HKU9|A0A8D2HKU9_UROPR	S_A0A8D2HKU9
tr|A0A8D2HXP4|A0A8D2HXP4_UROPR	U_tr|A0A8D2HXP4|A0A8D2HXP4_UROPR	S_tr|A0A8D2HXP4|A0A8D2HXP4_UROPR	S_A0A8D2HXP4
tr|A0A8H6QXK1|A0A8H6QXK1_9EURO	U_tr|A0A8H6QXK1|A0A8H6QXK1_9EURO	S_tr|A0A8H6QXK1|A0A8H6QXK1_9EURO	S_A0A8H6QXK1
tr|A0A8H6UBA7|A0A8H6UBA7_9EURO	U_tr|A0A8H6UBA7|A0A8H6UBA7_9EURO	S_tr|A0A8H6UBA7|A0A8H6UBA7_9EURO	S_A0A8H6UBA7
tr|A0A8M1PBD2|A0A8M1PBD2_DANRE	U_tr|A0A8M1PBD2|A0A8M1PBD2_DANRE	S_tr|A0A8M1PBD2|A0A8M1PBD2_DANRE	S_A0A8M1PBD2
tr|A0A8V0XA98|A0A8V0XA98_CHICK	U_tr|A0A8V0XA98|A0A8V0XA98_CHICK	S_tr|A0A8V0XA98|A0A8V0XA98_CHICK	S_A0A8V0XA98
tr|A0A8V1AKN8|A0A8V1AKN8_CHICK	U_tr|A0A8V1AKN8|A0A8V1AKN8_CHICK	S_tr|A0A8V1AKN8|A0A8V1AKN8_CHICK	S_A0A8V1AKN8
tr|A0A8X7XM43|A0A8X7XM43_POLSE	U_tr|A0A8X7XM43|A0A8X7XM43_POLSE	S_tr|A0A8X7XM43|A0A8X7XM43_POLSE	S_A0A8X7XM43
tr|A0A9Q0EG67|A0A9Q0EG67_9TELE	U_tr|A0A9Q0EG67|A0A9Q0EG67_9TELE	S_tr|A0A9Q0EG67|A0A9Q0EG67_9TELE	S_A0A9Q0EG67
tr|A0AAW8EXM4|A0AAW8EXM4_9MICO	U_tr|A0AAW8EXM4|A0AAW8EXM4_9MICO	S_tr|A0AAW8EXM4|A0AAW8EXM4_9MICO	S_A0AAW8EXM4
sp|A0ZSF2|MAF_PINFU	U_sp|A0ZSF2|MAF_PINFU	S_sp|A0ZSF2|MAF_PINFU	S_A0ZSF2
sp|A0ZSF3|MAM_PINMA	U_sp|A0ZSF3|MAM_PINMA	S_sp|A0ZSF3|MAM_PINMA	S_A0ZSF3
sp|A0ZSF4|MAP1_MIZYE	U_sp|A0ZSF4|MAP1_MIZYE	S_sp|A0ZSF4|MAP1_MIZYE	S_A0ZSF4
sp|A0ZSF5|MAP2_MIZYE	U_sp|A0ZSF5|MAP2_MIZYE	S_sp|A0ZSF5|MAP2_MIZYE	S_A0ZSF5
sp|A0ZSF7|MAC2_CRANI	U_sp|A0ZSF7|MAC2_CRANI	S_sp|A0ZSF7|MAC2_CRANI	S_A0ZSF7
tr|A6IJ26|A6IJ26_RAT	U_tr|A6IJ26|A6IJ26_RAT	S_tr|A6IJ26|A6IJ26_RAT	S_A6IJ26
sp|B0BNN3|CAH1_RAT	U_sp|B0BNN3|CAH1_RAT	S_sp|B0BNN3|CAH1_RAT	S_B0BNN3
sp|D0KWS7|DABA2_HALNC	U_sp|D0KWS7|DABA2_HALNC	S_sp|D0KWS7|DABA2_HALNC	S_D0KWS7
sp|D0KWS8|DABB2_HALNC	U_sp|D0KWS8|DABB2_HALNC	S_sp|D0KWS8|DABB2_HALNC	S_D0KWS8
tr|F1MGK5|F1MGK5_BOVIN	U_tr|F1MGK5|F1MGK5_BOVIN	S_tr|F1MGK5|F1MGK5_BOVIN	S_F1MGK5
tr|F1S1C3|F1S1C3_PIG	U_tr|F1S1C3|F1S1C3_PIG	S_tr|F1S1C3|F1S1C3_PIG	S_F1S1C3
sp|F4IHR4|ATCA2_ARATH	U_sp|F4IHR4|ATCA2_ARATH	S_sp|F4IHR4|ATCA2_ARATH	S_F4IHR4
tr|F6PNY6|F6PNY6_MACMU	U_tr|F6PNY6|F6PNY6_MACMU	S_tr|F6PNY6|F6PNY6_MACMU	S_F6PNY6
tr|F6ZRD8|F6ZRD8_HORSE	U_tr|F6ZRD8|F6ZRD8_HORSE	S_tr|F6ZRD8|F6ZRD8_HORSE	S_F6ZRD8
tr|F7DJJ9|F7DJJ9_MACMU	U_tr|F7DJJ9|F7DJJ9_MACMU	S_tr|F7DJJ9|F7DJJ9_MACMU	S_F7DJJ9
tr|G1RMS6|G1RMS6_NOMLE	U_tr|G1RMS6|G1RMS6_NOMLE	S_tr|G1RMS6|G1RMS6_NOMLE	S_G1RMS6
tr|G3R792|G3R792_GORGO	U_tr|G3R792|G3R792_GORGO	S_tr|G3R792|G3R792_GORGO	S_G3R792
tr|G3SHA3|G3SHA3_GORGO	U_tr|G3SHA3|G3SHA3_GORGO	S_tr|G3SHA3|G3SHA3_GORGO	S_G3SHA3
tr|H0WAL8|H0WAL8_CAVPO	U_tr|H0WAL8|H0WAL8_CAVPO	S_tr|H0WAL8|H0WAL8_CAVPO	S_H0WAL8
tr|H0WMS5|H0WMS5_OTOGA	U_tr|H0WMS5|H0WMS5_OTOGA	S_tr|H0WMS5|H0WMS5_OTOGA	S_H0WMS5
sp|H1AAP2|COSH_THITI	U_sp|H1AAP2|COSH_THITI	S_sp|H1AAP2|COSH_THITI	S_H1AAP2
tr|H2R2R2|H2R2R2_PANTR	U_tr|H2R2R2|H2R2R2_PANTR	S_tr|H2R2R2|H2R2R2_PANTR	S_H2R2R2
tr|H2R4Z7|H2R4Z7_PANTR	U_tr|H2R4Z7|H2R4Z7_PANTR	S_tr|H2R4Z7|H2R4Z7_PANTR	S_H2R4Z7
tr|H9GLZ6|H9GLZ6_ANOCA	U_tr|H9GLZ6|H9GLZ6_ANOCA	S_tr|H9GLZ6|H9GLZ6_ANOCA	S_H9GLZ6
tr|I3MFH1|I3MFH1_ICTTR	U_tr|I3MFH1|I3MFH1_ICTTR	S_tr|I3MFH1|I3MFH1_ICTTR	S_I3MFH1
tr|I3MKV4|I3MKV4_ICTTR	U_tr|I3MKV4|I3MKV4_ICTTR	S_tr|I3MKV4|I3MKV4_ICTTR	S_I3MKV4
tr|J4I8F5|J4I8F5_9APHY	U_tr|J4I8F5|J4I8F5_9APHY	S_tr|J4I8F5|J4I8F5_9APHY	S_J4I8F5
tr|K7FTJ3|K7FTJ3_PELSI	U_tr|K7FTJ3|K7FTJ3_PELSI	S_tr|K7FTJ3|K7FTJ3_PELSI	S_K7FTJ3
tr|M3Y668|M3Y668_MUSPF	U_tr|M3Y668|M3Y668_MUSPF	S_tr|M3Y668|M3Y668_MUSPF	S_M3Y668
sp|O75493|CAH11_HUMAN	U_sp|O75493|CAH11_HUMAN	S_sp|O75493|CAH11_HUMAN	S_O75493
sp|O85043|CSS4A_HALNC	U_sp|O85043|CSS4A_HALNC	S_sp|O85043|CSS4A_HALNC	S_O85043
sp|O85044|CSS4B_HALNC	U_sp|O85044|CSS4B_HALNC	S_sp|O85044|CSS4B_HALNC	S_O85044
sp|P00916|CAH1_MACMU	U_sp|P00916|CAH1_MACMU	S_sp|P00916|CAH1_MACMU	S_P00916
sp|P04195|CAHH_VACCW	U_sp|P04195|CAHH_VACCW	S_sp|P04195|CAHH_VACCW	S_P04195
sp|P07450|CAH3_HORSE	U_sp|P07450|CAH3_HORSE	S_sp|P07450|CAH3_HORSE	S_P07450
sp|P08060|CAH6_SHEEP	U_sp|P08060|CAH6_SHEEP	S_sp|P08060|CAH6_SHEEP	S_P08060
sp|P0ABE9|CYNT_ECOLI	U_sp|P0ABE9|CYNT_ECOLI	S_sp|P0ABE9|CYNT_ECOLI	S_P0ABE9
sp|P0DO50|NEC1_NESMA	U_sp|P0DO50|NEC1_NESMA	S_sp|P0DO50|NEC1_NESMA	S_P0DO50
sp|P13634|CAH1_MOUSE	U_sp|P13634|CAH1_MOUSE	S_sp|P13634|CAH1_MOUSE	S_P13634
sp|P18915|CAH6_BOVIN	U_sp|P18915|CAH6_BOVIN	S_sp|P18915|CAH6_BOVIN	S_P18915
sp|P24258|CAH2_CHLRE	U_sp|P24258|CAH2_CHLRE	S_sp|P24258|CAH2_CHLRE	S_P24258
sp|P35217|CAH1_MACNE	U_sp|P35217|CAH1_MACNE	S_sp|P35217|CAH1_MACNE	S_P35217
sp|P43165|CAH5A_RAT	U_sp|P43165|CAH5A_RAT	S_sp|P43165|CAH5A_RAT	S_P43165
sp|P45548|PHP_ECOLI	U_sp|P45548|PHP_ECOLI	S_sp|P45548|PHP_ECOLI	S_P45548
sp|P45686|RBS_HALNC	U_sp|P45686|RBS_HALNC	S_sp|P45686|RBS_HALNC	S_P45686
sp|P45688|CSOSC_HALNC	U_sp|P45688|CSOSC_HALNC	S_sp|P45688|CSOSC_HALNC	S_P45688
sp|P45690|CSOSB_HALNC	U_sp|P45690|CSOSB_HALNC	S_sp|P45690|CSOSB_HALNC	S_P45690
sp|P48282|CAH1_SHEEP	U_sp|P48282|CAH1_SHEEP	S_sp|P48282|CAH1_SHEEP	S_P48282
sp|P48283|CAH4_RABIT	U_sp|P48283|CAH4_RABIT	S_sp|P48283|CAH4_RABIT	S_P48283
sp|P54205|RBL_SYNY3	U_sp|P54205|RBL_SYNY3	S_sp|P54205|RBL_SYNY3	S_P54205
sp|P61517|CAN_ECOLI	U_sp|P61517|CAN_ECOLI	S_sp|P61517|CAN_ECOLI	S_P61517
sp|P83299|CAH1_CHIHA	U_sp|P83299|CAH1_CHIHA	S_sp|P83299|CAH1_CHIHA	S_P83299
sp|Q1LZA1|CAH1_BOVIN	U_sp|Q1LZA1|CAH1_BOVIN	S_sp|Q1LZA1|CAH1_BOVIN	S_Q1LZA1
sp|Q29545|ICA_PIG	U_sp|Q29545|ICA_PIG	S_sp|Q29545|ICA_PIG	S_Q29545
sp|Q31HD6|CSOCA_HYDCU	U_sp|Q31HD6|CSOCA_HYDCU	S_sp|Q31HD6|CSOCA_HYDCU	S_Q31HD6
sp|Q31NB2|RBS_SYNE7	U_sp|Q31NB2|RBS_SYNE7	S_sp|Q31NB2|RBS_SYNE7	S_Q31NB2
sp|Q50940|CAH_NEIGO	U_sp|Q50940|CAH_NEIGO	S_sp|Q50940|CAH_NEIGO	S_Q50940
sp|Q55074|PANCY_SYNY3	U_sp|Q55074|PANCY_SYNY3	S_sp|Q55074|PANCY_SYNY3	S_Q55074
sp|Q5KW03|CAG_GEOKA	U_sp|Q5KW03|CAG_GEOKA	S_sp|Q5KW03|CAG_GEOKA	S_Q5KW03
sp|Q5S1S4|CAH3_PIG	U_sp|Q5S1S4|CAH3_PIG	S_sp|Q5S1S4|CAH3_PIG	S_Q5S1S4
tr|Q6PFU7|Q6PFU7_DANRE	U_tr|Q6PFU7|Q6PFU7_DANRE	S_tr|Q6PFU7|Q6PFU7_DANRE	S_Q6PFU7
tr|Q6R4A1|Q6R4A1_ONCMY	U_tr|Q6R4A1|Q6R4A1_ONCMY	S_tr|Q6R4A1|Q6R4A1_ONCMY	S_Q6R4A1
sp|Q7M316|CAH1_GORGO	U_sp|Q7M316|CAH1_GORGO	S_sp|Q7M316|CAH1_GORGO	S_Q7M316
sp|Q7M317|CAH1_PANTR	U_sp|Q7M317|CAH1_PANTR	S_sp|Q7M317|CAH1_PANTR	S_Q7M317
tr|Q7SY46|Q7SY46_DANRE	U_tr|Q7SY46|Q7SY46_DANRE	S_tr|Q7SY46|Q7SY46_DANRE	S_Q7SY46
sp|Q7TTT8|CSOCA_PARMW	U_sp|Q7TTT8|CSOCA_PARMW	S_sp|Q7TTT8|CSOCA_PARMW	S_Q7TTT8
sp|Q8CI85|CAH12_MOUSE	U_sp|Q8CI85|CAH12_MOUSE	S_sp|Q8CI85|CAH12_MOUSE	S_Q8CI85
sp|Q8HY33|CAH1_MONDO	U_sp|Q8HY33|CAH1_MONDO	S_sp|Q8HY33|CAH1_MONDO	S_Q8HY33
sp|Q8HY34|HBA_MONDO	U_sp|Q8HY34|HBA_MONDO	S_sp|Q8HY34|HBA_MONDO	S_Q8HY34
sp|Q8YT18|MICAH_NOSS1	U_sp|Q8YT18|MICAH_NOSS1	S_sp|Q8YT18|MICAH_NOSS1	S_Q8YT18
sp|Q92051|CAHZ_DANRE	U_sp|Q92051|CAHZ_DANRE	S_sp|Q92051|CAHZ_DANRE	S_Q92051
sp|Q94AU7|GCA3_ARATH	U_sp|Q94AU7|GCA3_ARATH	S_sp|Q94AU7|GCA3_ARATH	S_Q94AU7
sp|Q95323|CAH4_BOVIN	U_sp|Q95323|CAH4_BOVIN	S_sp|Q95323|CAH4_BOVIN	S_Q95323
sp|Q98936|PTPRG_CHICK	U_sp|Q98936|PTPRG_CHICK	S_sp|Q98936|PTPRG_CHICK	S_Q98936
sp|Q99N23|CAH15_MOUSE	U_sp|Q99N23|CAH15_MOUSE	S_sp|Q99N23|CAH15_MOUSE	S_Q99N23
sp|Q9C6F5|BCA6_ARATH	U_sp|Q9C6F5|BCA6_ARATH	S_sp|Q9C6F5|BCA6_ARATH	S_Q9C6F5
sp|Q9ERQ8|CAH7_MOUSE	U_sp|Q9ERQ8|CAH7_MOUSE	S_sp|Q9ERQ8|CAH7_MOUSE	S_Q9ERQ8
sp|Q9FM99|ATCA8_ARATH	U_sp|Q9FM99|ATCA8_ARATH	S_sp|Q9FM99|ATCA8_ARATH	S_Q9FM99
sp|Q9FWR5|GCA1_ARATH	U_sp|Q9FWR5|GCA1_ARATH	S_sp|Q9FWR5|GCA1_ARATH	S_Q9FWR5
sp|Q9FYE3|ATCA3_ARATH	U_sp|Q9FYE3|ATCA3_ARATH	S_sp|Q9FYE3|ATCA3_ARATH	S_Q9FYE3
sp|Q9MZ30|CAH12_RABIT	U_sp|Q9MZ30|CAH12_RABIT	S_sp|Q9MZ30|CAH12_RABIT	S_Q9MZ30
sp|Q9NL38|MA66_PINMA	U_sp|Q9NL38|MA66_PINMA	S_sp|Q9NL38|MA66_PINMA	S_Q9NL38
sp|Q9QZA0|CAH5B_MOUSE	U_sp|Q9QZA0|CAH5B_MOUSE	S_sp|Q9QZA0|CAH5B_MOUSE	S_Q9QZA0
sp|S5FT07|CS2H1_ACITH	U_sp|S5FT07|CS2H1_ACITH	S_sp|S5FT07|CS2H1_ACITH	S_S5FT07
tr|A0A022WC76|A0A022WC76_TRIRU	U_tr|A0A022WC76|A0A022WC76_TRIRU	S_tr|A0A022WC76|A0A022WC76_TRIRU	S_A0A022WC76
tr|A0A022Y429|A0A022Y429_TRISD	U_tr|A0A022Y429|A0A022Y429_TRISD	S_tr|A0A022Y429|A0A022Y429_TRISD	S_A0A022Y429
tr|A0A045J8T7|A0A045J8T7_MYCTX	U_tr|A0A045J8T7|A0A045J8T7_MYCTX	S_tr|A0A045J8T7|A0A045J8T7_MYCTX	S_A0A045J8T7
tr|A0A060W356|A0A060W356_ONCMY	U_tr|A0A060W356|A0A060W356_ONCMY	S_tr|A0A060W356|A0A060W356_ONCMY	S_A0A060W356
tr|A0A060X6S9|A0A060X6S9_ONCMY	U_tr|A0A060X6S9|A0A060X6S9_ONCMY	S_tr|A0A060X6S9|A0A060X6S9_ONCMY	S_A0A060X6S9
tr|A0A062WTM2|A0A062WTM2_9ACTN	U_tr|A0A062WTM2|A0A062WTM2_9ACTN	S_tr|A0A062WTM2|A0A062WTM2_9ACTN	S_A0A062WTM2
tr|A0A067N124|A0A067N124_BOTB1	U_tr|A0A067N124|A0A067N124_BOTB1	S_tr|A0A067N124|A0A067N124_BOTB1	S_A0A067N124
tr|A0A072PCS1|A0A072PCS1_9EURO	U_tr|A0A072PCS1|A0A072PCS1_9EURO	S_tr|A0A072PCS1|A0A072PCS1_9EURO	S_A0A072PCS1
tr|A0A076N5F4|A0A076N5F4_AMYME	U_tr|A0A076N5F4|A0A076N5F4_AMYME	S_tr|A0A076N5F4|A0A076N5F4_AMYME	S_A0A076N5F4
tr|A0A078GF05|A0A078GF05_BRANA	U_tr|A0A078GF05|A0A078GF05_BRANA	S_tr|A0A078GF05|A0A078GF05_BRANA	S_A0A078GF05
tr|A0A078HBW5|A0A078HBW5_BRANA	U_tr|A0A078HBW5|A0A078HBW5_BRANA	S_tr|A0A078HBW5|A0A078HBW5_BRANA	S_A0A078HBW5
tr|A0A078JC34|A0A078JC34_BRANA	U_tr|A0A078JC34|A0A078JC34_BRANA	S_tr|A0A078JC34|A0A078JC34_BRANA	S_A0A078JC34
tr|A0A087Y8B6|A0A087Y8B6_POEFO	U_tr|A0A087Y8B6|A0A087Y8B6_POEFO	S_tr|A0A087Y8B6|A0A087Y8B6_POEFO	S_A0A087Y8B6
tr|A0A091DTV4|A0A091DTV4_FUKDA	U_tr|A0A091DTV4|A0A091DTV4_FUKDA	S_tr|A0A091DTV4|A0A091DTV4_FUKDA	S_A0A091DTV4
tr|A0A094CRN1|A0A094CRN1_9PEZI	U_tr|A0A094CRN1|A0A094CRN1_9PEZI	S_tr|A0A094CRN1|A0A094CRN1_9PEZI	S_A0A094CRN1
tr|A0A096MQ68|A0A096MQ68_PAPAN	U_tr|A0A096MQ68|A0A096MQ68_PAPAN	S_tr|A0A096MQ68|A0A096MQ68_PAPAN	S_A0A096MQ68
tr|A0A096MZB4|A0A096MZB4_PAPAN	U_tr|A0A096MZB4|A0A096MZB4_PAPAN	S_tr|A0A096MZB4|A0A096MZB4_PAPAN	S_A0A096MZB4
tr|A0A096NDF1|A0A096NDF1_PAPAN	U_tr|A0A096NDF1|A0A096NDF1_PAPAN	S_tr|A0A096NDF1|A0A096NDF1_PAPAN	S_A0A096NDF1
tr|A0A096P176|A0A096P176_PAPAN	U_tr|A0A096P176|A0A096P176_PAPAN	S_tr|A0A096P176|A0A096P176_PAPAN	S_A0A096P176
tr|A0A096P503|A0A096P503_PAPAN	U_tr|A0A096P503|A0A096P503_PAPAN	S_tr|A0A096P503|A0A096P503_PAPAN	S_A0A096P503
tr|A0A098LJ32|A0A098LJ32_9BACT	U_tr|A0A098LJ32|A0A098LJ32_9BACT	S_tr|A0A098LJ32|A0A098LJ32_9BACT	S_A0A098LJ32
tr|A0A099P142|A0A099P142_PICKU	U_tr|A0A099P142|A0A099P142_PICKU	S_tr|A0A099P142|A0A099P142_PICKU	S_A0A099P142
tr|A0A0A0VDH2|A0A0A0VDH2_CHEQU	U_tr|A0A0A0VDH2|A0A0A0VDH2_CHEQU	S_tr|A0A0A0VDH2|A0A0A0VDH2_CHEQU	S_A0A0A0VDH2
tr|A0A0A0VGS1|A0A0A0VGS1_CHEQU	U_tr|A0A0A0VGS1|A0A0A0VGS1_CHEQU	S_tr|A0A0A0VGS1|A0A0A0VGS1_CHEQU	S_A0A0A0VGS1
tr|A0A0A1V4J2|A0A0A1V4J2_9HYPO	U_tr|A0A0A1V4J2|A0A0A1V4J2_9HYPO	S_tr|A0A0A1V4J2|A0A0A1V4J2_9HYPO	S_A0A0A1V4J2
tr|A0A0A2LGP4|A0A0A2LGP4_PENIT	U_tr|A0A0A2LGP4|A0A0A2LGP4_PENIT	S_tr|A0A0A2LGP4|A0A0A2LGP4_PENIT	S_A0A0A2LGP4
tr|A0A0A8WW76|A0A0A8WW76_9BACT	U_tr|A0A0A8WW76|A0A0A8WW76_9BACT	S_tr|A0A0A8WW76|A0A0A8WW76_9BACT	S_A0A0A8WW76
tr|A0A0A9YFG2|A0A0A9YFG2_LYGHE	U_tr|A0A0A9YFG2|A0A0A9YFG2_LYGHE	S_tr|A0A0A9YFG2|A0A0A9YFG2_LYGHE	S_A0A0A9YFG2
tr|A0A0A9YK01|A0A0A9YK01_LYGHE	U_tr|A0A0A9YK01|A0A0A9YK01_LYGHE	S_tr|A0A0A9YK01|A0A0A9YK01_LYGHE	S_A0A0A9YK01
tr|A0A0B0N2A4|A0A0B0N2A4_GOSAR	U_tr|A0A0B0N2A4|A0A0B0N2A4_GOSAR	S_tr|A0A0B0N2A4|A0A0B0N2A4_GOSAR	S_A0A0B0N2A4
tr|A0A0B0NRT9|A0A0B0NRT9_GOSAR	U_tr|A0A0B0NRT9|A0A0B0NRT9_GOSAR	S_tr|A0A0B0NRT9|A0A0B0NRT9_GOSAR	S_A0A0B0NRT9
tr|A0A0B4GKE3|A0A0B4GKE3_METAF	U_tr|A0A0B4GKE3|A0A0B4GKE3_METAF	S_tr|A0A0B4GKE3|A0A0B4GKE3_METAF	S_A0A0B4GKE3
tr|A0A0B4LGX6|A0A0B4LGX6_DROME	U_tr|A0A0B4LGX6|A0A0B4LGX6_DROME	S_tr|A0A0B4LGX6|A0A0B4LGX6_DROME	S_A0A0B4LGX6
tr|A0A0C3CLP4|A0A0C3CLP4_HEBCY	U_tr|A0A0C3CLP4|A0A0C3CLP4_HEBCY	S_tr|A0A0C3CLP4|A0A0C3CLP4_HEBCY	S_A0A0C3CLP4
tr|A0A0C4DQF6|A0A0C4DQF6_MAGP6	U_tr|A0A0C4DQF6|A0A0C4DQF6_MAGP6	S_tr|A0A0C4DQF6|A0A0C4DQF6_MAGP6	S_A0A0C4DQF6
tr|A0A0D1YBB6|A0A0D1YBB6_EXOME	U_tr|A0A0D1YBB6|A0A0D1YBB6_EXOME	S_tr|A0A0D1YBB6|A0A0D1YBB6_EXOME	S_A0A0D1YBB6
tr|A0A0D2EXR4|A0A0D2EXR4_CLAB1	U_tr|A0A0D2EXR4|A0A0D2EXR4_CLAB1	S_tr|A0A0D2EXR4|A0A0D2EXR4_CLAB1	S_A0A0D2EXR4
tr|A0A0D2MFK3|A0A0D2MFK3_GOSRA	U_tr|A0A0D2MFK3|A0A0D2MFK3_GOSRA	S_tr|A0A0D2MFK3|A0A0D2MFK3_GOSRA	S_A0A0D2MFK3
tr|A0A0D2TN66|A0A0D2TN66_GOSRA	U_tr|A0A0D2TN66|A0A0D2TN66_GOSRA	S_tr|A0A0D2TN66|A0A0D2TN66_GOSRA	S_A0A0D2TN66
tr|A0A0D2XRW0|A0A0D2XRW0_FUSOF	U_tr|A0A0D2XRW0|A0A0D2XRW0_FUSOF	S_tr|A0A0D2XRW0|A0A0D2XRW0_FUSOF	S_A0A0D2XRW0
tr|A0A0D3B4B0|A0A0D3B4B0_BRAOL	U_tr|A0A0D3B4B0|A0A0D3B4B0_BRAOL	S_tr|A0A0D3B4B0|A0A0D3B4B0_BRAOL	S_A0A0D3B4B0
tr|A0A0D8BJC8|A0A0D8BJC8_9ACTN	U_tr|A0A0D8BJC8|A0A0D8BJC8_9ACTN	S_tr|A0A0D8BJC8|A0A0D8BJC8_9ACTN	S_A0A0D8BJC8
tr|A0A0D9QX60|A0A0D9QX60_CHLSB	U_tr|A0A0D9QX60|A0A0D9QX60_CHLSB	S_tr|A0A0D9QX60|A0A0D9QX60_CHLSB	S_A0A0D9QX60
tr|A0A0D9R122|A0A0D9R122_CHLSB	U_tr|A0A0D9R122|A0A0D9R122_CHLSB	S_tr|A0A0D9R122|A0A0D9R122_CHLSB	S_A0A0D9R122
tr|A0A0D9RDE4|A0A0D9RDE4_CHLSB	U_tr|A0A0D9RDE4|A0A0D9RDE4_CHLSB	S_tr|A0A0D9RDE4|A0A0D9RDE4_CHLSB	S_A0A0D9RDE4
tr|A0A0D9RHZ7|A0A0D9RHZ7_CHLSB	U_tr|A0A0D9RHZ7|A0A0D9RHZ7_CHLSB	S_tr|A0A0D9RHZ7|A0A0D9RHZ7_CHLSB	S_A0A0D9RHZ7
tr|A0A0D9RL35|A0A0D9RL35_CHLSB	U_tr|A0A0D9RL35|A0A0D9RL35_CHLSB	S_tr|A0A0D9RL35|A0A0D9RL35_CHLSB	S_A0A0D9RL35
tr|A0A0D9RL40|A0A0D9RL40_CHLSB	U_tr|A0A0D9RL40|A0A0D9RL40_CHLSB	S_tr|A0A0D9RL40|A0A0D9RL40_CHLSB	S_A0A0D9RL40
tr|A0A0D9RL45|A0A0D9RL45_CHLSB	U_tr|A0A0D9RL45|A0A0D9RL45_CHLSB	S_tr|A0A0D9RL45|A0A0D9RL45_CHLSB	S_A0A0D9RL45
tr|A0A0D9S8Q5|A0A0D9S8Q5_CHLSB	U_tr|A0A0D9S8Q5|A0A0D9S8Q5_CHLSB	S_tr|A0A0D9S8Q5|A0A0D9S8Q5_CHLSB	S_A0A0D9S8Q5
tr|A0A0E8TWC7|A0A0E8TWC7_MYCTX	U_tr|A0A0E8TWC7|A0A0E8TWC7_MYCTX	S_tr|A0A0E8TWC7|A0A0E8TWC7_MYCTX	S_A0A0E8TWC7
tr|A0A0F4YV47|A0A0F4YV47_TALEM	U_tr|A0A0F4YV47|A0A0F4YV47_TALEM	S_tr|A0A0F4YV47|A0A0F4YV47_TALEM	S_A0A0F4YV47
tr|A0A0F7G7L3|A0A0F7G7L3_CHEQU	U_tr|A0A0F7G7L3|A0A0F7G7L3_CHEQU	S_tr|A0A0F7G7L3|A0A0F7G7L3_CHEQU	S_A0A0F7G7L3
tr|A0A0F9XP45|A0A0F9XP45_TRIHA	U_tr|A0A0F9XP45|A0A0F9XP45_TRIHA	S_tr|A0A0F9XP45|A0A0F9XP45_TRIHA	S_A0A0F9XP45
tr|A0A0G2K561|A0A0G2K561_RAT	U_tr|A0A0G2K561|A0A0G2K561_RAT	S_tr|A0A0G2K561|A0A0G2K561_RAT	S_A0A0G2K561
tr|A0A0G4GJE8|A0A0G4GJE8_9ALVE	U_tr|A0A0G4GJE8|A0A0G4GJE8_9ALVE	S_tr|A0A0G4GJE8|A0A0G4GJE8_9ALVE	S_A0A0G4GJE8
tr|A0A0G4LPK9|A0A0G4LPK9_VERLO	U_tr|A0A0G4LPK9|A0A0G4LPK9_VERLO	S_tr|A0A0G4LPK9|A0A0G4LPK9_VERLO	S_A0A0G4LPK9
tr|A0A0G4LRL2|A0A0G4LRL2_VERLO	U_tr|A0A0G4LRL2|A0A0G4LRL2_VERLO	S_tr|A0A0G4LRL2|A0A0G4LRL2_VERLO	S_A0A0G4LRL2
tr|A0A0H2UHB3|A0A0H2UHB3_RAT	U_tr|A0A0H2UHB3|A0A0H2UHB3_RAT	S_tr|A0A0H2UHB3|A0A0H2UHB3_RAT	S_A0A0H2UHB3
tr|A0A0H3EA44|A0A0H3EA44_BIFBP	U_tr|A0A0H3EA44|A0A0H3EA44_BIFBP	S_tr|A0A0H3EA44|A0A0H3EA44_BIFBP	S_A0A0H3EA44
tr|A0A0H5C5I8|A0A0H5C5I8_CYBJN	U_tr|A0A0H5C5I8|A0A0H5C5I8_CYBJN	S_tr|A0A0H5C5I8|A0A0H5C5I8_CYBJN	S_A0A0H5C5I8
tr|A0A0H5NF89|A0A0H5NF89_NOCFR	U_tr|A0A0H5NF89|A0A0H5NF89_NOCFR	S_tr|A0A0H5NF89|A0A0H5NF89_NOCFR	S_A0A0H5NF89
tr|A0A0J0XX05|A0A0J0XX05_9TREE	U_tr|A0A0J0XX05|A0A0J0XX05_9TREE	S_tr|A0A0J0XX05|A0A0J0XX05_9TREE	S_A0A0J0XX05
tr|A0A0K1JII8|A0A0K1JII8_9MICO	U_tr|A0A0K1JII8|A0A0K1JII8_9MICO	S_tr|A0A0K1JII8|A0A0K1JII8_9MICO	S_A0A0K1JII8
tr|A0A0L0N001|A0A0L0N001_TOLOC	U_tr|A0A0L0N001|A0A0L0N001_TOLOC	S_tr|A0A0L0N001|A0A0L0N001_TOLOC	S_A0A0L0N001
tr|A0A0L0P1W2|A0A0L0P1W2_CANAR	U_tr|A0A0L0P1W2|A0A0L0P1W2_CANAR	S_tr|A0A0L0P1W2|A0A0L0P1W2_CANAR	S_A0A0L0P1W2
tr|A0A0M2HDZ3|A0A0M2HDZ3_MICTR	U_tr|A0A0M2HDZ3|A0A0M2HDZ3_MICTR	S_tr|A0A0M2HDZ3|A0A0M2HDZ3_MICTR	S_A0A0M2HDZ3
tr|A0A0M4Q843|A0A0M4Q843_9PSEU	U_tr|A0A0M4Q843|A0A0M4Q843_9PSEU	S_tr|A0A0M4Q843|A0A0M4Q843_9PSEU	S_A0A0M4Q843
tr|A0A0M4QQK6|A0A0M4QQK6_9PSEU	U_tr|A0A0M4QQK6|A0A0M4QQK6_9PSEU	S_tr|A0A0M4QQK6|A0A0M4QQK6_9PSEU	S_A0A0M4QQK6
tr|A0A0M8XQE3|A0A0M8XQE3_9ACTN	U_tr|A0A0M8XQE3|A0A0M8XQE3_9ACTN	S_tr|A0A0M8XQE3|A0A0M8XQE3_9ACTN	S_A0A0M8XQE3
tr|A0A0M8YDZ0|A0A0M8YDZ0_9PSEU	U_tr|A0A0M8YDZ0|A0A0M8YDZ0_9PSEU	S_tr|A0A0M8YDZ0|A0A0M8YDZ0_9PSEU	S_A0A0M8YDZ0
tr|A0A0M9EVQ9|A0A0M9EVQ9_FUSLA	U_tr|A0A0M9EVQ9|A0A0M9EVQ9_FUSLA	S_tr|A0A0M9EVQ9|A0A0M9EVQ9_FUSLA	S_A0A0M9EVQ9
tr|A0A0N8WJI8|A0A0N8WJI8_9ACTN	U_tr|A0A0N8WJI8|A0A0N8WJI8_9ACTN	S_tr|A0A0N8WJI8|A0A0N8WJI8_9ACTN	S_A0A0N8WJI8
tr|A0A0P0S939|A0A0P0S939_9PSEU	U_tr|A0A0P0S939|A0A0P0S939_9PSEU	S_tr|A0A0P0S939|A0A0P0S939_9PSEU	S_A0A0P0S939
tr|A0A0P6IYD3|A0A0P6IYD3_HETGA	U_tr|A0A0P6IYD3|A0A0P6IYD3_HETGA	S_tr|A0A0P6IYD3|A0A0P6IYD3_HETGA	S_A0A0P6IYD3
tr|A0A0R4J0W4|A0A0R4J0W4_MOUSE	U_tr|A0A0R4J0W4|A0A0R4J0W4_MOUSE	S_tr|A0A0R4J0W4|A0A0R4J0W4_MOUSE	S_A0A0R4J0W4
tr|A0A0S2Z3D0|A0A0S2Z3D0_HUMAN	U_tr|A0A0S2Z3D0|A0A0S2Z3D0_HUMAN	S_tr|A0A0S2Z3D0|A0A0S2Z3D0_HUMAN	S_A0A0S2Z3D0
tr|A0A0S4QGJ6|A0A0S4QGJ6_9ACTN	U_tr|A0A0S4QGJ6|A0A0S4QGJ6_9ACTN	S_tr|A0A0S4QGJ6|A0A0S4QGJ6_9ACTN	S_A0A0S4QGJ6
tr|A0A0T9VAG7|A0A0T9VAG7_MYCTX	U_tr|A0A0T9VAG7|A0A0T9VAG7_MYCTX	S_tr|A0A0T9VAG7|A0A0T9VAG7_MYCTX	S_A0A0T9VAG7
tr|A0A0W7VQC8|A0A0W7VQC8_9HYPO	U_tr|A0A0W7VQC8|A0A0W7VQC8_9HYPO	S_tr|A0A0W7VQC8|A0A0W7VQC8_9HYPO	S_A0A0W7VQC8
tr|A0A100IRY8|A0A100IRY8_ASPNG	U_tr|A0A100IRY8|A0A100IRY8_ASPNG	S_tr|A0A100IRY8|A0A100IRY8_ASPNG	S_A0A100IRY8
tr|A0A117DXQ5|A0A117DXQ5_ASPNG	U_tr|A0A117DXQ5|A0A117DXQ5_ASPNG	S_tr|A0A117DXQ5|A0A117DXQ5_ASPNG	S_A0A117DXQ5
tr|A0A136IVJ9|A0A136IVJ9_9PEZI	U_tr|A0A136IVJ9|A0A136IVJ9_9PEZI	S_tr|A0A136IVJ9|A0A136IVJ9_9PEZI	S_A0A136IVJ9
tr|A0A146PJU9|A0A146PJU9_FUNHE	U_tr|A0A146PJU9|A0A146PJU9_FUNHE	S_tr|A0A146PJU9|A0A146PJU9_FUNHE	S_A0A146PJU9
tr|A0A147KIC2|A0A147KIC2_THECS	U_tr|A0A147KIC2|A0A147KIC2_THECS	S_tr|A0A147KIC2|A0A147KIC2_THECS	S_A0A147KIC2
tr|A0A151GMI7|A0A151GMI7_DRECN	U_tr|A0A151GMI7|A0A151GMI7_DRECN	S_tr|A0A151GMI7|A0A151GMI7_DRECN	S_A0A151GMI7
tr|A0A151N5U6|A0A151N5U6_ALLMI	U_tr|A0A151N5U6|A0A151N5U6_ALLMI	S_tr|A0A151N5U6|A0A151N5U6_ALLMI	S_A0A151N5U6
tr|A0A161VZB3|A0A161VZB3_9PEZI	U_tr|A0A161VZB3|A0A161VZB3_9PEZI	S_tr|A0A161VZB3|A0A161VZB3_9PEZI	S_A0A161VZB3
tr|A0A162I105|A0A162I105_9EURO	U_tr|A0A162I105|A0A162I105_9EURO	S_tr|A0A162I105|A0A162I105_9EURO	S_A0A162I105
tr|A0A162JQL4|A0A162JQL4_METRR	U_tr|A0A162JQL4|A0A162JQL4_METRR	S_tr|A0A162JQL4|A0A162JQL4_METRR	S_A0A162JQL4
tr|A0A162PYV0|A0A162PYV0_9PEZI	U_tr|A0A162PYV0|A0A162PYV0_9PEZI	S_tr|A0A162PYV0|A0A162PYV0_9PEZI	S_A0A162PYV0
tr|A0A166P2P1|A0A166P2P1_9PEZI	U_tr|A0A166P2P1|A0A166P2P1_9PEZI	S_tr|A0A166P2P1|A0A166P2P1_9PEZI	S_A0A166P2P1
tr|A0A166SV71|A0A166SV71_9ACTN	U_tr|A0A166SV71|A0A166SV71_9ACTN	S_tr|A0A166SV71|A0A166SV71_9ACTN	S_A0A166SV71
tr|A0A167R9K7|A0A167R9K7_PENCH	U_tr|A0A167R9K7|A0A167R9K7_PENCH	S_tr|A0A167R9K7|A0A167R9K7_PENCH	S_A0A167R9K7
